paper (1).png,0
paper (10).png,0
paper (100).png,0
paper (101).png,0
paper (102).png,0
paper (103).png,0
paper (104).png,0
paper (105).png,0
paper (106).png,0
paper (107).png,0
paper (108).png,0
paper (109).png,0
paper (11).png,0
paper (110).png,0
paper (111).png,0
paper (112).png,0
paper (113).png,0
paper (114).png,0
paper (115).png,0
paper (116).png,0
paper (117).png,0
paper (118).png,0
paper (119).png,0
paper (12).png,0
paper (120).png,0
paper (121).png,0
paper (122).png,0
paper (123).png,0
paper (124).png,0
paper (125).png,0
paper (126).png,0
paper (127).png,0
paper (128).png,0
paper (129).png,0
paper (13).png,0
paper (130).png,0
paper (131).png,0
paper (132).png,0
paper (133).png,0
paper (134).png,0
paper (135).png,0
paper (136).png,0
paper (137).png,0
paper (138).png,0
paper (139).png,0
paper (14).png,0
paper (140).png,0
paper (141).png,0
paper (142).png,0
paper (143).png,0
paper (144).png,0
paper (145).png,0
paper (146).png,0
paper (147).png,0
paper (148).png,0
paper (149).png,0
paper (15).png,0
paper (150).png,0
paper (151).png,0
paper (152).png,0
paper (153).png,0
paper (154).png,0
paper (155).png,0
paper (156).png,0
paper (157).png,0
paper (158).png,0
paper (159).png,0
paper (16).png,0
paper (160).png,0
paper (161).png,0
paper (162).png,0
paper (163).png,0
paper (164).png,0
paper (165).png,0
paper (166).png,0
paper (167).png,0
paper (168).png,0
paper (169).png,0
paper (17).png,0
paper (170).png,0
paper (171).png,0
paper (172).png,0
paper (173).png,0
paper (174).png,0
paper (175).png,0
paper (176).png,0
paper (177).png,0
paper (178).png,0
paper (179).png,0
paper (18).png,0
paper (180).png,0
paper (181).png,0
paper (182).png,0
paper (183).png,0
paper (184).png,0
paper (185).png,0
paper (186).png,0
paper (187).png,0
paper (188).png,0
paper (189).png,0
paper (19).png,0
paper (190).png,0
paper (191).png,0
paper (192).png,0
paper (193).png,0
paper (194).png,0
paper (195).png,0
paper (196).png,0
paper (197).png,0
paper (198).png,0
paper (199).png,0
paper (2).png,0
paper (20).png,0
paper (200).png,0
paper (201).png,0
paper (202).png,0
paper (203).png,0
paper (204).png,0
paper (205).png,0
paper (206).png,0
paper (207).png,0
paper (208).png,0
paper (209).png,0
paper (21).png,0
paper (210).png,0
paper (211).png,0
paper (212).png,0
paper (213).png,0
paper (214).png,0
paper (215).png,0
paper (216).png,0
paper (217).png,0
paper (218).png,0
paper (219).png,0
paper (22).png,0
paper (220).png,0
paper (221).png,0
paper (222).png,0
paper (223).png,0
paper (224).png,0
paper (225).png,0
paper (226).png,0
paper (227).png,0
paper (228).png,0
paper (229).png,0
paper (23).png,0
paper (230).png,0
paper (231).png,0
paper (232).png,0
paper (233).png,0
paper (234).png,0
paper (235).png,0
paper (236).png,0
paper (237).png,0
paper (238).png,0
paper (239).png,0
paper (24).png,0
paper (240).png,0
paper (241).png,0
paper (242).png,0
paper (243).png,0
paper (244).png,0
paper (245).png,0
paper (246).png,0
paper (247).png,0
paper (248).png,0
paper (249).png,0
paper (25).png,0
paper (250).png,0
paper (251).png,0
paper (252).png,0
paper (253).png,0
paper (254).png,0
paper (255).png,0
paper (256).png,0
paper (257).png,0
paper (258).png,0
paper (259).png,0
paper (26).png,0
paper (260).png,0
paper (261).png,0
paper (262).png,0
paper (263).png,0
paper (264).png,0
paper (265).png,0
paper (266).png,0
paper (267).png,0
paper (268).png,0
paper (269).png,0
paper (27).png,0
paper (270).png,0
paper (271).png,0
paper (272).png,0
paper (273).png,0
paper (274).png,0
paper (275).png,0
paper (276).png,0
paper (277).png,0
paper (278).png,0
paper (279).png,0
paper (28).png,0
paper (280).png,0
paper (281).png,0
paper (282).png,0
paper (283).png,0
paper (284).png,0
paper (285).png,0
paper (286).png,0
paper (287).png,0
paper (288).png,0
paper (289).png,0
paper (29).png,0
paper (290).png,0
paper (291).png,0
paper (292).png,0
paper (293).png,0
paper (294).png,0
paper (295).png,0
paper (296).png,0
paper (297).png,0
paper (298).png,0
paper (299).png,0
paper (3).png,0
paper (30).png,0
paper (300).png,0
paper (301).png,0
paper (302).png,0
paper (303).png,0
paper (304).png,0
paper (305).png,0
paper (306).png,0
paper (307).png,0
paper (308).png,0
paper (309).png,0
paper (31).png,0
paper (310).png,0
paper (311).png,0
paper (312).png,0
paper (313).png,0
paper (314).png,0
paper (315).png,0
paper (316).png,0
paper (317).png,0
paper (318).png,0
paper (319).png,0
paper (32).png,0
paper (320).png,0
paper (321).png,0
paper (322).png,0
paper (323).png,0
paper (324).png,0
paper (325).png,0
paper (326).png,0
paper (327).png,0
paper (328).png,0
paper (329).png,0
paper (33).png,0
paper (330).png,0
paper (331).png,0
paper (332).png,0
paper (333).png,0
paper (334).png,0
paper (335).png,0
paper (336).png,0
paper (337).png,0
paper (338).png,0
paper (339).png,0
paper (34).png,0
paper (340).png,0
paper (341).png,0
paper (342).png,0
paper (343).png,0
paper (344).png,0
paper (345).png,0
paper (346).png,0
paper (347).png,0
paper (348).png,0
paper (349).png,0
paper (35).png,0
paper (350).png,0
paper (351).png,0
paper (352).png,0
paper (353).png,0
paper (354).png,0
paper (355).png,0
paper (356).png,0
paper (357).png,0
paper (358).png,0
paper (359).png,0
paper (36).png,0
paper (360).png,0
paper (361).png,0
paper (362).png,0
paper (363).png,0
paper (364).png,0
paper (365).png,0
paper (366).png,0
paper (367).png,0
paper (368).png,0
paper (369).png,0
paper (37).png,0
paper (370).png,0
paper (371).png,0
paper (372).png,0
paper (373).png,0
paper (374).png,0
paper (375).png,0
paper (376).png,0
paper (377).png,0
paper (378).png,0
paper (379).png,0
paper (38).png,0
paper (380).png,0
paper (381).png,0
paper (382).png,0
paper (383).png,0
paper (384).png,0
paper (385).png,0
paper (386).png,0
paper (387).png,0
paper (388).png,0
paper (389).png,0
paper (39).png,0
paper (390).png,0
paper (391).png,0
paper (392).png,0
paper (393).png,0
paper (394).png,0
paper (395).png,0
paper (396).png,0
paper (397).png,0
paper (398).png,0
paper (399).png,0
paper (4).png,0
paper (40).png,0
paper (400).png,0
paper (401).png,0
paper (402).png,0
paper (403).png,0
paper (404).png,0
paper (405).png,0
paper (406).png,0
paper (407).png,0
paper (408).png,0
paper (409).png,0
paper (41).png,0
paper (410).png,0
paper (411).png,0
paper (412).png,0
paper (413).png,0
paper (414).png,0
paper (415).png,0
paper (416).png,0
paper (417).png,0
paper (418).png,0
paper (419).png,0
paper (42).png,0
paper (420).png,0
paper (421).png,0
paper (422).png,0
paper (423).png,0
paper (424).png,0
paper (425).png,0
paper (426).png,0
paper (427).png,0
paper (428).png,0
paper (429).png,0
paper (43).png,0
paper (430).png,0
paper (431).png,0
paper (432).png,0
paper (433).png,0
paper (434).png,0
paper (435).png,0
paper (436).png,0
paper (437).png,0
paper (438).png,0
paper (439).png,0
paper (44).png,0
paper (440).png,0
paper (441).png,0
paper (442).png,0
paper (443).png,0
paper (444).png,0
paper (445).png,0
paper (446).png,0
paper (447).png,0
paper (448).png,0
paper (449).png,0
paper (45).png,0
paper (450).png,0
paper (451).png,0
paper (452).png,0
paper (453).png,0
paper (454).png,0
paper (455).png,0
paper (456).png,0
paper (457).png,0
paper (458).png,0
paper (459).png,0
paper (46).png,0
paper (460).png,0
paper (461).png,0
paper (462).png,0
paper (463).png,0
paper (464).png,0
paper (465).png,0
paper (466).png,0
paper (467).png,0
paper (468).png,0
paper (469).png,0
paper (47).png,0
paper (470).png,0
paper (471).png,0
paper (472).png,0
paper (473).png,0
paper (474).png,0
paper (475).png,0
paper (476).png,0
paper (477).png,0
paper (478).png,0
paper (479).png,0
paper (48).png,0
paper (480).png,0
paper (481).png,0
paper (482).png,0
paper (483).png,0
paper (484).png,0
paper (485).png,0
paper (486).png,0
paper (487).png,0
paper (488).png,0
paper (489).png,0
paper (49).png,0
paper (490).png,0
paper (491).png,0
paper (492).png,0
paper (493).png,0
paper (494).png,0
paper (495).png,0
paper (496).png,0
paper (497).png,0
paper (498).png,0
paper (499).png,0
paper (5).png,0
paper (50).png,0
paper (500).png,0
paper (501).png,0
paper (502).png,0
paper (503).png,0
paper (504).png,0
paper (505).png,0
paper (506).png,0
paper (507).png,0
paper (508).png,0
paper (509).png,0
paper (51).png,0
paper (510).png,0
paper (511).png,0
paper (512).png,0
paper (513).png,0
paper (514).png,0
paper (515).png,0
paper (516).png,0
paper (517).png,0
paper (518).png,0
paper (519).png,0
paper (52).png,0
paper (520).png,0
paper (521).png,0
paper (522).png,0
paper (523).png,0
paper (524).png,0
paper (525).png,0
paper (526).png,0
paper (527).png,0
paper (528).png,0
paper (529).png,0
paper (53).png,0
paper (530).png,0
paper (531).png,0
paper (532).png,0
paper (533).png,0
paper (534).png,0
paper (535).png,0
paper (536).png,0
paper (537).png,0
paper (538).png,0
paper (539).png,0
paper (54).png,0
paper (540).png,0
paper (541).png,0
paper (542).png,0
paper (543).png,0
paper (544).png,0
paper (545).png,0
paper (546).png,0
paper (547).png,0
paper (548).png,0
paper (549).png,0
paper (55).png,0
paper (550).png,0
paper (551).png,0
paper (552).png,0
paper (553).png,0
paper (554).png,0
paper (555).png,0
paper (556).png,0
paper (557).png,0
paper (558).png,0
paper (559).png,0
paper (56).png,0
paper (560).png,0
paper (561).png,0
paper (562).png,0
paper (563).png,0
paper (564).png,0
paper (565).png,0
paper (566).png,0
paper (567).png,0
paper (568).png,0
paper (569).png,0
paper (57).png,0
paper (570).png,0
paper (571).png,0
paper (572).png,0
paper (573).png,0
paper (574).png,0
paper (575).png,0
paper (576).png,0
paper (577).png,0
paper (578).png,0
paper (579).png,0
paper (58).png,0
paper (580).png,0
paper (581).png,0
paper (582).png,0
paper (583).png,0
paper (584).png,0
paper (585).png,0
paper (586).png,0
paper (587).png,0
paper (588).png,0
paper (589).png,0
paper (59).png,0
paper (590).png,0
paper (591).png,0
paper (592).png,0
paper (593).png,0
paper (594).png,0
paper (595).png,0
paper (596).png,0
paper (597).png,0
paper (598).png,0
paper (599).png,0
paper (6).png,0
paper (60).png,0
paper (600).png,0
paper (601).png,0
paper (602).png,0
paper (603).png,0
paper (604).png,0
paper (605).png,0
paper (606).png,0
paper (607).png,0
paper (608).png,0
paper (609).png,0
paper (61).png,0
paper (610).png,0
paper (611).png,0
paper (612).png,0
paper (613).png,0
paper (614).png,0
paper (615).png,0
paper (616).png,0
paper (617).png,0
paper (618).png,0
paper (619).png,0
paper (62).png,0
paper (620).png,0
paper (621).png,0
paper (622).png,0
paper (623).png,0
paper (624).png,0
paper (625).png,0
paper (626).png,0
paper (627).png,0
paper (628).png,0
paper (629).png,0
paper (63).png,0
paper (630).png,0
paper (631).png,0
paper (632).png,0
paper (633).png,0
paper (634).png,0
paper (635).png,0
paper (636).png,0
paper (637).png,0
paper (638).png,0
paper (639).png,0
paper (64).png,0
paper (640).png,0
paper (641).png,0
paper (642).png,0
paper (643).png,0
paper (644).png,0
paper (645).png,0
paper (646).png,0
paper (647).png,0
paper (648).png,0
paper (649).png,0
paper (65).png,0
paper (650).png,0
paper (651).png,0
paper (652).png,0
paper (653).png,0
paper (654).png,0
paper (655).png,0
paper (656).png,0
paper (657).png,0
paper (658).png,0
paper (659).png,0
paper (66).png,0
paper (660).png,0
paper (661).png,0
paper (662).png,0
paper (663).png,0
paper (664).png,0
paper (665).png,0
paper (666).png,0
paper (667).png,0
paper (668).png,0
paper (669).png,0
paper (67).png,0
paper (670).png,0
paper (671).png,0
paper (672).png,0
paper (673).png,0
paper (674).png,0
paper (675).png,0
paper (676).png,0
paper (677).png,0
paper (678).png,0
paper (679).png,0
paper (68).png,0
paper (680).png,0
paper (681).png,0
paper (682).png,0
paper (683).png,0
paper (684).png,0
paper (685).png,0
paper (686).png,0
paper (687).png,0
paper (688).png,0
paper (689).png,0
paper (69).png,0
paper (690).png,0
paper (691).png,0
paper (692).png,0
paper (693).png,0
paper (694).png,0
paper (695).png,0
paper (696).png,0
paper (697).png,0
paper (698).png,0
paper (699).png,0
paper (7).png,0
paper (70).png,0
paper (700).png,0
paper (701).png,0
paper (702).png,0
paper (703).png,0
paper (704).png,0
paper (705).png,0
paper (706).png,0
paper (707).png,0
paper (708).png,0
paper (709).png,0
paper (71).png,0
paper (710).png,0
paper (711).png,0
paper (712).png,0
paper (72).png,0
paper (73).png,0
paper (74).png,0
paper (75).png,0
paper (76).png,0
paper (77).png,0
paper (78).png,0
paper (79).png,0
paper (8).png,0
paper (80).png,0
paper (81).png,0
paper (82).png,0
paper (83).png,0
paper (84).png,0
paper (85).png,0
paper (86).png,0
paper (87).png,0
paper (88).png,0
paper (89).png,0
paper (9).png,0
paper (90).png,0
paper (91).png,0
paper (92).png,0
paper (93).png,0
paper (94).png,0
paper (95).png,0
paper (96).png,0
paper (97).png,0
paper (98).png,0
paper (99).png,1
rock (1).png,1
rock (10).png,1
rock (100).png,1
rock (101).png,1
rock (102).png,1
rock (103).png,1
rock (104).png,1
rock (105).png,1
rock (106).png,1
rock (107).png,1
rock (108).png,1
rock (109).png,1
rock (11).png,1
rock (110).png,1
rock (111).png,1
rock (112).png,1
rock (113).png,1
rock (114).png,1
rock (115).png,1
rock (116).png,1
rock (117).png,1
rock (118).png,1
rock (119).png,1
rock (12).png,1
rock (120).png,1
rock (121).png,1
rock (122).png,1
rock (123).png,1
rock (124).png,1
rock (125).png,1
rock (126).png,1
rock (127).png,1
rock (128).png,1
rock (129).png,1
rock (13).png,1
rock (130).png,1
rock (131).png,1
rock (132).png,1
rock (133).png,1
rock (134).png,1
rock (135).png,1
rock (136).png,1
rock (137).png,1
rock (138).png,1
rock (139).png,1
rock (14).png,1
rock (140).png,1
rock (141).png,1
rock (142).png,1
rock (143).png,1
rock (144).png,1
rock (145).png,1
rock (146).png,1
rock (147).png,1
rock (148).png,1
rock (149).png,1
rock (15).png,1
rock (150).png,1
rock (151).png,1
rock (152).png,1
rock (153).png,1
rock (154).png,1
rock (155).png,1
rock (156).png,1
rock (157).png,1
rock (158).png,1
rock (159).png,1
rock (16).png,1
rock (160).png,1
rock (161).png,1
rock (162).png,1
rock (163).png,1
rock (164).png,1
rock (165).png,1
rock (166).png,1
rock (167).png,1
rock (168).png,1
rock (169).png,1
rock (17).png,1
rock (170).png,1
rock (171).png,1
rock (172).png,1
rock (173).png,1
rock (174).png,1
rock (175).png,1
rock (176).png,1
rock (177).png,1
rock (178).png,1
rock (179).png,1
rock (18).png,1
rock (180).png,1
rock (181).png,1
rock (182).png,1
rock (183).png,1
rock (184).png,1
rock (185).png,1
rock (186).png,1
rock (187).png,1
rock (188).png,1
rock (189).png,1
rock (19).png,1
rock (190).png,1
rock (191).png,1
rock (192).png,1
rock (193).png,1
rock (194).png,1
rock (195).png,1
rock (196).png,1
rock (197).png,1
rock (198).png,1
rock (199).png,1
rock (2).png,1
rock (20).png,1
rock (200).png,1
rock (201).png,1
rock (202).png,1
rock (203).png,1
rock (204).png,1
rock (205).png,1
rock (206).png,1
rock (207).png,1
rock (208).png,1
rock (209).png,1
rock (21).png,1
rock (210).png,1
rock (211).png,1
rock (212).png,1
rock (213).png,1
rock (214).png,1
rock (215).png,1
rock (216).png,1
rock (217).png,1
rock (218).png,1
rock (219).png,1
rock (22).png,1
rock (220).png,1
rock (221).png,1
rock (222).png,1
rock (223).png,1
rock (224).png,1
rock (225).png,1
rock (226).png,1
rock (227).png,1
rock (228).png,1
rock (229).png,1
rock (23).png,1
rock (230).png,1
rock (231).png,1
rock (232).png,1
rock (233).png,1
rock (234).png,1
rock (235).png,1
rock (236).png,1
rock (237).png,1
rock (238).png,1
rock (239).png,1
rock (24).png,1
rock (240).png,1
rock (241).png,1
rock (242).png,1
rock (243).png,1
rock (244).png,1
rock (245).png,1
rock (246).png,1
rock (247).png,1
rock (248).png,1
rock (249).png,1
rock (25).png,1
rock (250).png,1
rock (251).png,1
rock (252).png,1
rock (253).png,1
rock (254).png,1
rock (255).png,1
rock (256).png,1
rock (257).png,1
rock (258).png,1
rock (259).png,1
rock (26).png,1
rock (260).png,1
rock (261).png,1
rock (262).png,1
rock (263).png,1
rock (264).png,1
rock (265).png,1
rock (266).png,1
rock (267).png,1
rock (268).png,1
rock (269).png,1
rock (27).png,1
rock (270).png,1
rock (271).png,1
rock (272).png,1
rock (273).png,1
rock (274).png,1
rock (275).png,1
rock (276).png,1
rock (277).png,1
rock (278).png,1
rock (279).png,1
rock (28).png,1
rock (280).png,1
rock (281).png,1
rock (282).png,1
rock (283).png,1
rock (284).png,1
rock (285).png,1
rock (286).png,1
rock (287).png,1
rock (288).png,1
rock (289).png,1
rock (29).png,1
rock (290).png,1
rock (291).png,1
rock (292).png,1
rock (293).png,1
rock (294).png,1
rock (295).png,1
rock (296).png,1
rock (297).png,1
rock (298).png,1
rock (299).png,1
rock (3).png,1
rock (30).png,1
rock (300).png,1
rock (301).png,1
rock (302).png,1
rock (303).png,1
rock (304).png,1
rock (305).png,1
rock (306).png,1
rock (307).png,1
rock (308).png,1
rock (309).png,1
rock (31).png,1
rock (310).png,1
rock (311).png,1
rock (312).png,1
rock (313).png,1
rock (314).png,1
rock (315).png,1
rock (316).png,1
rock (317).png,1
rock (318).png,1
rock (319).png,1
rock (32).png,1
rock (320).png,1
rock (321).png,1
rock (322).png,1
rock (323).png,1
rock (324).png,1
rock (325).png,1
rock (326).png,1
rock (327).png,1
rock (328).png,1
rock (329).png,1
rock (33).png,1
rock (330).png,1
rock (331).png,1
rock (332).png,1
rock (333).png,1
rock (334).png,1
rock (335).png,1
rock (336).png,1
rock (337).png,1
rock (338).png,1
rock (339).png,1
rock (34).png,1
rock (340).png,1
rock (341).png,1
rock (342).png,1
rock (343).png,1
rock (344).png,1
rock (345).png,1
rock (346).png,1
rock (347).png,1
rock (348).png,1
rock (349).png,1
rock (35).png,1
rock (350).png,1
rock (351).png,1
rock (352).png,1
rock (353).png,1
rock (354).png,1
rock (355).png,1
rock (356).png,1
rock (357).png,1
rock (358).png,1
rock (359).png,1
rock (36).png,1
rock (360).png,1
rock (361).png,1
rock (362).png,1
rock (363).png,1
rock (364).png,1
rock (365).png,1
rock (366).png,1
rock (367).png,1
rock (368).png,1
rock (369).png,1
rock (37).png,1
rock (370).png,1
rock (371).png,1
rock (372).png,1
rock (373).png,1
rock (374).png,1
rock (375).png,1
rock (376).png,1
rock (377).png,1
rock (378).png,1
rock (379).png,1
rock (38).png,1
rock (380).png,1
rock (381).png,1
rock (382).png,1
rock (383).png,1
rock (384).png,1
rock (385).png,1
rock (386).png,1
rock (387).png,1
rock (388).png,1
rock (389).png,1
rock (39).png,1
rock (390).png,1
rock (391).png,1
rock (392).png,1
rock (393).png,1
rock (394).png,1
rock (395).png,1
rock (396).png,1
rock (397).png,1
rock (398).png,1
rock (399).png,1
rock (4).png,1
rock (40).png,1
rock (400).png,1
rock (401).png,1
rock (402).png,1
rock (403).png,1
rock (404).png,1
rock (405).png,1
rock (406).png,1
rock (407).png,1
rock (408).png,1
rock (409).png,1
rock (41).png,1
rock (410).png,1
rock (411).png,1
rock (412).png,1
rock (413).png,1
rock (414).png,1
rock (415).png,1
rock (416).png,1
rock (417).png,1
rock (418).png,1
rock (419).png,1
rock (42).png,1
rock (420).png,1
rock (421).png,1
rock (422).png,1
rock (423).png,1
rock (424).png,1
rock (425).png,1
rock (426).png,1
rock (427).png,1
rock (428).png,1
rock (429).png,1
rock (43).png,1
rock (430).png,1
rock (431).png,1
rock (432).png,1
rock (433).png,1
rock (434).png,1
rock (435).png,1
rock (436).png,1
rock (437).png,1
rock (438).png,1
rock (439).png,1
rock (44).png,1
rock (440).png,1
rock (441).png,1
rock (442).png,1
rock (443).png,1
rock (444).png,1
rock (445).png,1
rock (446).png,1
rock (447).png,1
rock (448).png,1
rock (449).png,1
rock (45).png,1
rock (450).png,1
rock (451).png,1
rock (452).png,1
rock (453).png,1
rock (454).png,1
rock (455).png,1
rock (456).png,1
rock (457).png,1
rock (458).png,1
rock (459).png,1
rock (46).png,1
rock (460).png,1
rock (461).png,1
rock (462).png,1
rock (463).png,1
rock (464).png,1
rock (465).png,1
rock (466).png,1
rock (467).png,1
rock (468).png,1
rock (469).png,1
rock (47).png,1
rock (470).png,1
rock (471).png,1
rock (472).png,1
rock (473).png,1
rock (474).png,1
rock (475).png,1
rock (476).png,1
rock (477).png,1
rock (478).png,1
rock (479).png,1
rock (48).png,1
rock (480).png,1
rock (481).png,1
rock (482).png,1
rock (483).png,1
rock (484).png,1
rock (485).png,1
rock (486).png,1
rock (487).png,1
rock (488).png,1
rock (489).png,1
rock (49).png,1
rock (490).png,1
rock (491).png,1
rock (492).png,1
rock (493).png,1
rock (494).png,1
rock (495).png,1
rock (496).png,1
rock (497).png,1
rock (498).png,1
rock (499).png,1
rock (5).png,1
rock (50).png,1
rock (500).png,1
rock (501).png,1
rock (502).png,1
rock (503).png,1
rock (504).png,1
rock (505).png,1
rock (506).png,1
rock (507).png,1
rock (508).png,1
rock (509).png,1
rock (51).png,1
rock (510).png,1
rock (511).png,1
rock (512).png,1
rock (513).png,1
rock (514).png,1
rock (515).png,1
rock (516).png,1
rock (517).png,1
rock (518).png,1
rock (519).png,1
rock (52).png,1
rock (520).png,1
rock (521).png,1
rock (522).png,1
rock (523).png,1
rock (524).png,1
rock (525).png,1
rock (526).png,1
rock (527).png,1
rock (528).png,1
rock (529).png,1
rock (53).png,1
rock (530).png,1
rock (531).png,1
rock (532).png,1
rock (533).png,1
rock (534).png,1
rock (535).png,1
rock (536).png,1
rock (537).png,1
rock (538).png,1
rock (539).png,1
rock (54).png,1
rock (540).png,1
rock (541).png,1
rock (542).png,1
rock (543).png,1
rock (544).png,1
rock (545).png,1
rock (546).png,1
rock (547).png,1
rock (548).png,1
rock (549).png,1
rock (55).png,1
rock (550).png,1
rock (551).png,1
rock (552).png,1
rock (553).png,1
rock (554).png,1
rock (555).png,1
rock (556).png,1
rock (557).png,1
rock (558).png,1
rock (559).png,1
rock (56).png,1
rock (560).png,1
rock (561).png,1
rock (562).png,1
rock (563).png,1
rock (564).png,1
rock (565).png,1
rock (566).png,1
rock (567).png,1
rock (568).png,1
rock (569).png,1
rock (57).png,1
rock (570).png,1
rock (571).png,1
rock (572).png,1
rock (573).png,1
rock (574).png,1
rock (575).png,1
rock (576).png,1
rock (577).png,1
rock (578).png,1
rock (579).png,1
rock (58).png,1
rock (580).png,1
rock (581).png,1
rock (582).png,1
rock (583).png,1
rock (584).png,1
rock (585).png,1
rock (586).png,1
rock (587).png,1
rock (588).png,1
rock (589).png,1
rock (59).png,1
rock (590).png,1
rock (591).png,1
rock (592).png,1
rock (593).png,1
rock (594).png,1
rock (595).png,1
rock (596).png,1
rock (597).png,1
rock (598).png,1
rock (599).png,1
rock (6).png,1
rock (60).png,1
rock (600).png,1
rock (601).png,1
rock (602).png,1
rock (603).png,1
rock (604).png,1
rock (605).png,1
rock (606).png,1
rock (607).png,1
rock (608).png,1
rock (609).png,1
rock (61).png,1
rock (610).png,1
rock (611).png,1
rock (612).png,1
rock (613).png,1
rock (614).png,1
rock (615).png,1
rock (616).png,1
rock (617).png,1
rock (618).png,1
rock (619).png,1
rock (62).png,1
rock (620).png,1
rock (621).png,1
rock (622).png,1
rock (623).png,1
rock (624).png,1
rock (625).png,1
rock (626).png,1
rock (627).png,1
rock (628).png,1
rock (629).png,1
rock (63).png,1
rock (630).png,1
rock (631).png,1
rock (632).png,1
rock (633).png,1
rock (634).png,1
rock (635).png,1
rock (636).png,1
rock (637).png,1
rock (638).png,1
rock (639).png,1
rock (64).png,1
rock (640).png,1
rock (641).png,1
rock (642).png,1
rock (643).png,1
rock (644).png,1
rock (645).png,1
rock (646).png,1
rock (647).png,1
rock (648).png,1
rock (649).png,1
rock (65).png,1
rock (650).png,1
rock (651).png,1
rock (652).png,1
rock (653).png,1
rock (654).png,1
rock (655).png,1
rock (656).png,1
rock (657).png,1
rock (658).png,1
rock (659).png,1
rock (66).png,1
rock (660).png,1
rock (661).png,1
rock (662).png,1
rock (663).png,1
rock (664).png,1
rock (665).png,1
rock (666).png,1
rock (667).png,1
rock (668).png,1
rock (669).png,1
rock (67).png,1
rock (670).png,1
rock (671).png,1
rock (672).png,1
rock (673).png,1
rock (674).png,1
rock (675).png,1
rock (676).png,1
rock (677).png,1
rock (678).png,1
rock (679).png,1
rock (68).png,1
rock (680).png,1
rock (681).png,1
rock (682).png,1
rock (683).png,1
rock (684).png,1
rock (685).png,1
rock (686).png,1
rock (687).png,1
rock (688).png,1
rock (689).png,1
rock (69).png,1
rock (690).png,1
rock (691).png,1
rock (692).png,1
rock (693).png,1
rock (694).png,1
rock (695).png,1
rock (696).png,1
rock (697).png,1
rock (698).png,1
rock (699).png,1
rock (7).png,1
rock (70).png,1
rock (700).png,1
rock (701).png,1
rock (702).png,1
rock (703).png,1
rock (704).png,1
rock (705).png,1
rock (706).png,1
rock (707).png,1
rock (708).png,1
rock (709).png,1
rock (71).png,1
rock (710).png,1
rock (711).png,1
rock (712).png,1
rock (713).png,1
rock (714).png,1
rock (715).png,1
rock (716).png,1
rock (717).png,1
rock (718).png,1
rock (719).png,1
rock (72).png,1
rock (720).png,1
rock (721).png,1
rock (722).png,1
rock (723).png,1
rock (724).png,1
rock (725).png,1
rock (726).png,1
rock (73).png,1
rock (74).png,1
rock (75).png,1
rock (76).png,1
rock (77).png,1
rock (78).png,1
rock (79).png,1
rock (8).png,1
rock (80).png,1
rock (81).png,1
rock (82).png,1
rock (83).png,1
rock (84).png,1
rock (85).png,1
rock (86).png,1
rock (87).png,1
rock (88).png,1
rock (89).png,1
rock (9).png,1
rock (90).png,1
rock (91).png,1
rock (92).png,1
rock (93).png,1
rock (94).png,1
rock (95).png,1
rock (96).png,1
rock (97).png,1
rock (98).png,1
rock (99).png,2
scissors (1).png,2
scissors (10).png,2
scissors (100).png,2
scissors (101).png,2
scissors (102).png,2
scissors (103).png,2
scissors (104).png,2
scissors (105).png,2
scissors (106).png,2
scissors (107).png,2
scissors (108).png,2
scissors (109).png,2
scissors (11).png,2
scissors (110).png,2
scissors (111).png,2
scissors (112).png,2
scissors (113).png,2
scissors (114).png,2
scissors (115).png,2
scissors (116).png,2
scissors (117).png,2
scissors (118).png,2
scissors (119).png,2
scissors (12).png,2
scissors (120).png,2
scissors (121).png,2
scissors (122).png,2
scissors (123).png,2
scissors (124).png,2
scissors (125).png,2
scissors (126).png,2
scissors (127).png,2
scissors (128).png,2
scissors (129).png,2
scissors (13).png,2
scissors (130).png,2
scissors (131).png,2
scissors (132).png,2
scissors (133).png,2
scissors (134).png,2
scissors (135).png,2
scissors (136).png,2
scissors (137).png,2
scissors (138).png,2
scissors (139).png,2
scissors (14).png,2
scissors (140).png,2
scissors (141).png,2
scissors (142).png,2
scissors (143).png,2
scissors (144).png,2
scissors (145).png,2
scissors (146).png,2
scissors (147).png,2
scissors (148).png,2
scissors (149).png,2
scissors (15).png,2
scissors (150).png,2
scissors (151).png,2
scissors (152).png,2
scissors (153).png,2
scissors (154).png,2
scissors (155).png,2
scissors (156).png,2
scissors (157).png,2
scissors (158).png,2
scissors (159).png,2
scissors (16).png,2
scissors (160).png,2
scissors (161).png,2
scissors (162).png,2
scissors (163).png,2
scissors (164).png,2
scissors (165).png,2
scissors (166).png,2
scissors (167).png,2
scissors (168).png,2
scissors (169).png,2
scissors (17).png,2
scissors (170).png,2
scissors (171).png,2
scissors (172).png,2
scissors (173).png,2
scissors (174).png,2
scissors (175).png,2
scissors (176).png,2
scissors (177).png,2
scissors (178).png,2
scissors (179).png,2
scissors (18).png,2
scissors (180).png,2
scissors (181).png,2
scissors (182).png,2
scissors (183).png,2
scissors (184).png,2
scissors (185).png,2
scissors (186).png,2
scissors (187).png,2
scissors (188).png,2
scissors (189).png,2
scissors (19).png,2
scissors (190).png,2
scissors (191).png,2
scissors (192).png,2
scissors (193).png,2
scissors (194).png,2
scissors (195).png,2
scissors (196).png,2
scissors (197).png,2
scissors (198).png,2
scissors (199).png,2
scissors (2).png,2
scissors (20).png,2
scissors (200).png,2
scissors (201).png,2
scissors (202).png,2
scissors (203).png,2
scissors (204).png,2
scissors (205).png,2
scissors (206).png,2
scissors (207).png,2
scissors (208).png,2
scissors (209).png,2
scissors (21).png,2
scissors (210).png,2
scissors (211).png,2
scissors (212).png,2
scissors (213).png,2
scissors (214).png,2
scissors (215).png,2
scissors (216).png,2
scissors (217).png,2
scissors (218).png,2
scissors (219).png,2
scissors (22).png,2
scissors (220).png,2
scissors (221).png,2
scissors (222).png,2
scissors (223).png,2
scissors (224).png,2
scissors (225).png,2
scissors (226).png,2
scissors (227).png,2
scissors (228).png,2
scissors (229).png,2
scissors (23).png,2
scissors (230).png,2
scissors (231).png,2
scissors (232).png,2
scissors (233).png,2
scissors (234).png,2
scissors (235).png,2
scissors (236).png,2
scissors (237).png,2
scissors (238).png,2
scissors (239).png,2
scissors (24).png,2
scissors (240).png,2
scissors (241).png,2
scissors (242).png,2
scissors (243).png,2
scissors (244).png,2
scissors (245).png,2
scissors (246).png,2
scissors (247).png,2
scissors (248).png,2
scissors (249).png,2
scissors (25).png,2
scissors (250).png,2
scissors (251).png,2
scissors (252).png,2
scissors (253).png,2
scissors (254).png,2
scissors (255).png,2
scissors (256).png,2
scissors (257).png,2
scissors (258).png,2
scissors (259).png,2
scissors (26).png,2
scissors (260).png,2
scissors (261).png,2
scissors (262).png,2
scissors (263).png,2
scissors (264).png,2
scissors (265).png,2
scissors (266).png,2
scissors (267).png,2
scissors (268).png,2
scissors (269).png,2
scissors (27).png,2
scissors (270).png,2
scissors (271).png,2
scissors (272).png,2
scissors (273).png,2
scissors (274).png,2
scissors (275).png,2
scissors (276).png,2
scissors (277).png,2
scissors (278).png,2
scissors (279).png,2
scissors (28).png,2
scissors (280).png,2
scissors (281).png,2
scissors (282).png,2
scissors (283).png,2
scissors (284).png,2
scissors (285).png,2
scissors (286).png,2
scissors (287).png,2
scissors (288).png,2
scissors (289).png,2
scissors (29).png,2
scissors (290).png,2
scissors (291).png,2
scissors (292).png,2
scissors (293).png,2
scissors (294).png,2
scissors (295).png,2
scissors (296).png,2
scissors (297).png,2
scissors (298).png,2
scissors (299).png,2
scissors (3).png,2
scissors (30).png,2
scissors (300).png,2
scissors (301).png,2
scissors (302).png,2
scissors (303).png,2
scissors (304).png,2
scissors (305).png,2
scissors (306).png,2
scissors (307).png,2
scissors (308).png,2
scissors (309).png,2
scissors (31).png,2
scissors (310).png,2
scissors (311).png,2
scissors (312).png,2
scissors (313).png,2
scissors (314).png,2
scissors (315).png,2
scissors (316).png,2
scissors (317).png,2
scissors (318).png,2
scissors (319).png,2
scissors (32).png,2
scissors (320).png,2
scissors (321).png,2
scissors (322).png,2
scissors (323).png,2
scissors (324).png,2
scissors (325).png,2
scissors (326).png,2
scissors (327).png,2
scissors (328).png,2
scissors (329).png,2
scissors (33).png,2
scissors (330).png,2
scissors (331).png,2
scissors (332).png,2
scissors (333).png,2
scissors (334).png,2
scissors (335).png,2
scissors (336).png,2
scissors (337).png,2
scissors (338).png,2
scissors (339).png,2
scissors (34).png,2
scissors (340).png,2
scissors (341).png,2
scissors (342).png,2
scissors (343).png,2
scissors (344).png,2
scissors (345).png,2
scissors (346).png,2
scissors (347).png,2
scissors (348).png,2
scissors (349).png,2
scissors (35).png,2
scissors (350).png,2
scissors (351).png,2
scissors (352).png,2
scissors (353).png,2
scissors (354).png,2
scissors (355).png,2
scissors (356).png,2
scissors (357).png,2
scissors (358).png,2
scissors (359).png,2
scissors (36).png,2
scissors (360).png,2
scissors (361).png,2
scissors (362).png,2
scissors (363).png,2
scissors (364).png,2
scissors (365).png,2
scissors (366).png,2
scissors (367).png,2
scissors (368).png,2
scissors (369).png,2
scissors (37).png,2
scissors (370).png,2
scissors (371).png,2
scissors (372).png,2
scissors (373).png,2
scissors (374).png,2
scissors (375).png,2
scissors (376).png,2
scissors (377).png,2
scissors (378).png,2
scissors (379).png,2
scissors (38).png,2
scissors (380).png,2
scissors (381).png,2
scissors (382).png,2
scissors (383).png,2
scissors (384).png,2
scissors (385).png,2
scissors (386).png,2
scissors (387).png,2
scissors (388).png,2
scissors (389).png,2
scissors (39).png,2
scissors (390).png,2
scissors (391).png,2
scissors (392).png,2
scissors (393).png,2
scissors (394).png,2
scissors (395).png,2
scissors (396).png,2
scissors (397).png,2
scissors (398).png,2
scissors (399).png,2
scissors (4).png,2
scissors (40).png,2
scissors (400).png,2
scissors (401).png,2
scissors (402).png,2
scissors (403).png,2
scissors (404).png,2
scissors (405).png,2
scissors (406).png,2
scissors (407).png,2
scissors (408).png,2
scissors (409).png,2
scissors (41).png,2
scissors (410).png,2
scissors (411).png,2
scissors (412).png,2
scissors (413).png,2
scissors (414).png,2
scissors (415).png,2
scissors (416).png,2
scissors (417).png,2
scissors (418).png,2
scissors (419).png,2
scissors (42).png,2
scissors (420).png,2
scissors (421).png,2
scissors (422).png,2
scissors (423).png,2
scissors (424).png,2
scissors (425).png,2
scissors (426).png,2
scissors (427).png,2
scissors (428).png,2
scissors (429).png,2
scissors (43).png,2
scissors (430).png,2
scissors (431).png,2
scissors (432).png,2
scissors (433).png,2
scissors (434).png,2
scissors (435).png,2
scissors (436).png,2
scissors (437).png,2
scissors (438).png,2
scissors (439).png,2
scissors (44).png,2
scissors (440).png,2
scissors (441).png,2
scissors (442).png,2
scissors (443).png,2
scissors (444).png,2
scissors (445).png,2
scissors (446).png,2
scissors (447).png,2
scissors (448).png,2
scissors (449).png,2
scissors (45).png,2
scissors (450).png,2
scissors (451).png,2
scissors (452).png,2
scissors (453).png,2
scissors (454).png,2
scissors (455).png,2
scissors (456).png,2
scissors (457).png,2
scissors (458).png,2
scissors (459).png,2
scissors (46).png,2
scissors (460).png,2
scissors (461).png,2
scissors (462).png,2
scissors (463).png,2
scissors (464).png,2
scissors (465).png,2
scissors (466).png,2
scissors (467).png,2
scissors (468).png,2
scissors (469).png,2
scissors (47).png,2
scissors (470).png,2
scissors (471).png,2
scissors (472).png,2
scissors (473).png,2
scissors (474).png,2
scissors (475).png,2
scissors (476).png,2
scissors (477).png,2
scissors (478).png,2
scissors (479).png,2
scissors (48).png,2
scissors (480).png,2
scissors (481).png,2
scissors (482).png,2
scissors (483).png,2
scissors (484).png,2
scissors (485).png,2
scissors (486).png,2
scissors (487).png,2
scissors (488).png,2
scissors (489).png,2
scissors (49).png,2
scissors (490).png,2
scissors (491).png,2
scissors (492).png,2
scissors (493).png,2
scissors (494).png,2
scissors (495).png,2
scissors (496).png,2
scissors (497).png,2
scissors (498).png,2
scissors (499).png,2
scissors (5).png,2
scissors (50).png,2
scissors (500).png,2
scissors (501).png,2
scissors (502).png,2
scissors (503).png,2
scissors (504).png,2
scissors (505).png,2
scissors (506).png,2
scissors (507).png,2
scissors (508).png,2
scissors (509).png,2
scissors (51).png,2
scissors (510).png,2
scissors (511).png,2
scissors (512).png,2
scissors (513).png,2
scissors (514).png,2
scissors (515).png,2
scissors (516).png,2
scissors (517).png,2
scissors (518).png,2
scissors (519).png,2
scissors (52).png,2
scissors (520).png,2
scissors (521).png,2
scissors (522).png,2
scissors (523).png,2
scissors (524).png,2
scissors (525).png,2
scissors (526).png,2
scissors (527).png,2
scissors (528).png,2
scissors (529).png,2
scissors (53).png,2
scissors (530).png,2
scissors (531).png,2
scissors (532).png,2
scissors (533).png,2
scissors (534).png,2
scissors (535).png,2
scissors (536).png,2
scissors (537).png,2
scissors (538).png,2
scissors (539).png,2
scissors (54).png,2
scissors (540).png,2
scissors (541).png,2
scissors (542).png,2
scissors (543).png,2
scissors (544).png,2
scissors (545).png,2
scissors (546).png,2
scissors (547).png,2
scissors (548).png,2
scissors (549).png,2
scissors (55).png,2
scissors (550).png,2
scissors (551).png,2
scissors (552).png,2
scissors (553).png,2
scissors (554).png,2
scissors (555).png,2
scissors (556).png,2
scissors (557).png,2
scissors (558).png,2
scissors (559).png,2
scissors (56).png,2
scissors (560).png,2
scissors (561).png,2
scissors (562).png,2
scissors (563).png,2
scissors (564).png,2
scissors (565).png,2
scissors (566).png,2
scissors (567).png,2
scissors (568).png,2
scissors (569).png,2
scissors (57).png,2
scissors (570).png,2
scissors (571).png,2
scissors (572).png,2
scissors (573).png,2
scissors (574).png,2
scissors (575).png,2
scissors (576).png,2
scissors (577).png,2
scissors (578).png,2
scissors (579).png,2
scissors (58).png,2
scissors (580).png,2
scissors (581).png,2
scissors (582).png,2
scissors (583).png,2
scissors (584).png,2
scissors (585).png,2
scissors (586).png,2
scissors (587).png,2
scissors (588).png,2
scissors (589).png,2
scissors (59).png,2
scissors (590).png,2
scissors (591).png,2
scissors (592).png,2
scissors (593).png,2
scissors (594).png,2
scissors (595).png,2
scissors (596).png,2
scissors (597).png,2
scissors (598).png,2
scissors (599).png,2
scissors (6).png,2
scissors (60).png,2
scissors (600).png,2
scissors (601).png,2
scissors (602).png,2
scissors (603).png,2
scissors (604).png,2
scissors (605).png,2
scissors (606).png,2
scissors (607).png,2
scissors (608).png,2
scissors (609).png,2
scissors (61).png,2
scissors (610).png,2
scissors (611).png,2
scissors (612).png,2
scissors (613).png,2
scissors (614).png,2
scissors (615).png,2
scissors (616).png,2
scissors (617).png,2
scissors (618).png,2
scissors (619).png,2
scissors (62).png,2
scissors (620).png,2
scissors (621).png,2
scissors (622).png,2
scissors (623).png,2
scissors (624).png,2
scissors (625).png,2
scissors (626).png,2
scissors (627).png,2
scissors (628).png,2
scissors (629).png,2
scissors (63).png,2
scissors (630).png,2
scissors (631).png,2
scissors (632).png,2
scissors (633).png,2
scissors (634).png,2
scissors (635).png,2
scissors (636).png,2
scissors (637).png,2
scissors (638).png,2
scissors (639).png,2
scissors (64).png,2
scissors (640).png,2
scissors (641).png,2
scissors (642).png,2
scissors (643).png,2
scissors (644).png,2
scissors (645).png,2
scissors (646).png,2
scissors (647).png,2
scissors (648).png,2
scissors (649).png,2
scissors (65).png,2
scissors (650).png,2
scissors (651).png,2
scissors (652).png,2
scissors (653).png,2
scissors (654).png,2
scissors (655).png,2
scissors (656).png,2
scissors (657).png,2
scissors (658).png,2
scissors (659).png,2
scissors (66).png,2
scissors (660).png,2
scissors (661).png,2
scissors (662).png,2
scissors (663).png,2
scissors (664).png,2
scissors (665).png,2
scissors (666).png,2
scissors (667).png,2
scissors (668).png,2
scissors (669).png,2
scissors (67).png,2
scissors (670).png,2
scissors (671).png,2
scissors (672).png,2
scissors (673).png,2
scissors (674).png,2
scissors (675).png,2
scissors (676).png,2
scissors (677).png,2
scissors (678).png,2
scissors (679).png,2
scissors (68).png,2
scissors (680).png,2
scissors (681).png,2
scissors (682).png,2
scissors (683).png,2
scissors (684).png,2
scissors (685).png,2
scissors (686).png,2
scissors (687).png,2
scissors (688).png,2
scissors (689).png,2
scissors (69).png,2
scissors (690).png,2
scissors (691).png,2
scissors (692).png,2
scissors (693).png,2
scissors (694).png,2
scissors (695).png,2
scissors (696).png,2
scissors (697).png,2
scissors (698).png,2
scissors (699).png,2
scissors (7).png,2
scissors (70).png,2
scissors (700).png,2
scissors (701).png,2
scissors (702).png,2
scissors (703).png,2
scissors (704).png,2
scissors (705).png,2
scissors (706).png,2
scissors (707).png,2
scissors (708).png,2
scissors (709).png,2
scissors (71).png,2
scissors (710).png,2
scissors (711).png,2
scissors (712).png,2
scissors (713).png,2
scissors (714).png,2
scissors (715).png,2
scissors (716).png,2
scissors (717).png,2
scissors (718).png,2
scissors (719).png,2
scissors (72).png,2
scissors (720).png,2
scissors (721).png,2
scissors (722).png,2
scissors (723).png,2
scissors (724).png,2
scissors (725).png,2
scissors (726).png,2
scissors (727).png,2
scissors (728).png,2
scissors (729).png,2
scissors (73).png,2
scissors (730).png,2
scissors (731).png,2
scissors (732).png,2
scissors (733).png,2
scissors (734).png,2
scissors (735).png,2
scissors (736).png,2
scissors (737).png,2
scissors (738).png,2
scissors (739).png,2
scissors (74).png,2
scissors (740).png,2
scissors (741).png,2
scissors (742).png,2
scissors (743).png,2
scissors (744).png,2
scissors (745).png,2
scissors (746).png,2
scissors (747).png,2
scissors (748).png,2
scissors (749).png,2
scissors (75).png,2
scissors (750).png,2
scissors (76).png,2
scissors (77).png,2
scissors (78).png,2
scissors (79).png,2
scissors (8).png,2
scissors (80).png,2
scissors (81).png,2
scissors (82).png,2
scissors (83).png,2
scissors (84).png,2
scissors (85).png,2
scissors (86).png,2
scissors (87).png,2
scissors (88).png,2
scissors (89).png,2
scissors (9).png,2
scissors (90).png,2
scissors (91).png,2
scissors (92).png,2
scissors (93).png,2
scissors (94).png,2
scissors (95).png,2
scissors (96).png,2
scissors (97).png,2
scissors (98).png,2
scissors (99).png,2